﻿<configs>
  <append xpath="/blocks">

    <block name="TeleportBase">
      <property name="Extends" value="woodNoUpgradeMaster"/>
      <property name="CustomIcon" value="woodPlate"/>
      <property name="Shape" value="New"/>
      <property name="Class" value="TeleportDMT, Mods"/>
      <property name="Model" value="Plate"/>
    </block>

    <block name="Teleport_01">
      <property name="Extends" value="TeleportBase"/>
      <property name="Prefab" value="store_book_01" />
    </block>

    <block name="Teleport_02">
      <property name="Extends" value="TeleportBase"/>
      <property name="Destination" value="1030,60,-117" />
    </block>
  </append>
</configs>