﻿<?xml version="1.0" encoding="utf-8" standalone="no" ?>
<vehicle type="tractor">
    <annotation>Edwrd`s Modding All Rights Reserved</annotation>
    <storeData>
        <name>
            <en>Actros SLT</en></name>
        <specs>
            <power>625</power>
			<power>715</power>
            <maxSpeed>130</maxSpeed>
        </specs>
        <functions>
            <function>$l10n_function_truck</function>
        </functions>
        <image>store2.dds</image>
        <price>187000</price>
        <lifetime>600</lifetime>
        <rotation>0</rotation>
        <brand>MERCEDESBENZ</brand>
        <category>trucks</category>
        <shopTranslationOffset>0 0.04 0</shopTranslationOffset>
        <shopRotationOffset>-0.3 0 0</shopRotationOffset>
        <vertexBufferMemoryUsage>3984248</vertexBufferMemoryUsage>
        <indexBufferMemoryUsage>678444</indexBufferMemoryUsage>
        <textureMemoryUsage>30410616</textureMemoryUsage>
        <instanceVertexBufferMemoryUsage>0</instanceVertexBufferMemoryUsage>
        <instanceIndexBufferMemoryUsage>0</instanceIndexBufferMemoryUsage>
    </storeData>
    <base>
        <typeDesc>$l10n_typeDesc_truck</typeDesc>
        <filename>Actros.i3d</filename>
        <size width="3.5" length="7" lengthOffset="-0.2"/>
        <components>
            <component centerOfMass="0 0.43 0" solverIterationCount="10" mass="7250"/>
			<component centerOfMass="0.00 -0.24 -0.01" solverIterationCount="25" mass="5" />
			<component centerOfMass="0.00 -0.24 -0.01" solverIterationCount="25" mass="15" />
			<joint component1="1" component2="2" node="1>" rotLimit="20 0 0" transLimit="0 0 0"/>
			<joint component1="1" component2="3" node="2>" rotLimit="20 0 0" transLimit="0 0 0"/>
        </components>
        <schemaOverlay attacherJointPosition="0 0">
            <default name="DEFAULT_VEHICLE"/>
            <selected name="DEFAULT_VEHICLE_SELECTED"/>
        </schemaOverlay>
    </base>
    <wheels>
        <wheelConfigurations>
            <wheelConfiguration name="$l10n_configuration_valueDefault" price="0" brand="LIZARD">
                <wheels autoRotateBackSpeed="2.2">
                    <wheel filename="wheels/315_80R22_5.xml" configId="man" isLeft="true" hasTireTracks="true" hasParticles="true">
                        <physics rotSpeed="1" restLoad="2.4" repr="0>0|0|6"  forcePointRatio="0.5" initialCompression="35" suspTravel="0.23" spring="28" damper="50" frictionScale="2"/>
                    </wheel>
                    <wheel filename="wheels/315_80R22_5.xml" configId="man" isLeft="false" hasTireTracks="true" hasParticles="true">
                        <physics rotSpeed="1" restLoad="2.4" repr="0>0|0|7"  forcePointRatio="0.5" initialCompression="35" suspTravel="0.23" spring="28" damper="50" frictionScale="2"/>
                    </wheel>
					<wheel filename="wheels/315_80R22_5.xml" configId="man" isLeft="true" hasTireTracks="true" hasParticles="true">
                        <physics rotSpeed="1" restLoad="2.4" repr="0>0|0|8"  forcePointRatio="0.5" initialCompression="35" suspTravel="0.23" spring="28" damper="50" frictionScale="2"/>
                    </wheel>
                    <wheel filename="wheels/315_80R22_5.xml" configId="man" isLeft="false" hasTireTracks="true" hasParticles="true">
                        <physics rotSpeed="1" restLoad="2.4" repr="0>0|0|9"  forcePointRatio="0.5" initialCompression="35" suspTravel="0.23" spring="28" damper="50" frictionScale="2"/>
                    </wheel>
                    <wheel filename="wheels/315_80R22_5.xml" configId="dual" isLeft="true" hasTireTracks="true" hasParticles="true">
                        <physics rotSpeed="0" restLoad="1.6" repr="wheelBackLeft" forcePointRatio="0.5" initialCompression="15" suspTravel="0.19" spring="49" damper="50" frictionScale="2.9"/>
                        <additionalWheel filename="wheels/315_80R22_5.xml" configId="dualConnector" isLeft="true" offset="0.08"/>
                    </wheel>
                    <wheel filename="wheels/315_80R22_5.xml" configId="dual" isLeft="false" hasTireTracks="true" hasParticles="true">
                        <physics rotSpeed="0" restLoad="1.6" repr="wheelBackRight" forcePointRatio="0.5" initialCompression="15" suspTravel="0.19" spring="49" damper="50" frictionScale="2.9"/>
                        <additionalWheel filename="wheels/315_80R22_5.xml" configId="dualConnector" isLeft="false" offset="0.08"/>
                    </wheel>
					<wheel filename="wheels/315_80R22_5.xml" configId="dual" isLeft="true" hasTireTracks="true" hasParticles="true">
                        <physics rotSpeed="0" restLoad="1.6" repr="wheelMainLeft" forcePointRatio="0.5" initialCompression="15" suspTravel="0.19" spring="49" damper="50" frictionScale="2.9"/>
                        <additionalWheel filename="wheels/315_80R22_5.xml" configId="dualConnector" isLeft="true" offset="0.08"/>
                    </wheel>
                    <wheel filename="wheels/315_80R22_5.xml" configId="dual" isLeft="false" hasTireTracks="true" hasParticles="true">
                        <physics rotSpeed="0" restLoad="1.6" repr="wheelMainRight" forcePointRatio="0.5" initialCompression="15" suspTravel="0.19" spring="49" damper="50" frictionScale="2.9"/>
                        <additionalWheel filename="wheels/315_80R22_5.xml" configId="dualConnector" isLeft="false" offset="0.08"/>
                    </wheel>
                </wheels>
            </wheelConfiguration>
        </wheelConfigurations>
        <ackermannSteeringConfigurations>
            <ackermannSteering rotSpeed="55" rotMax="45" rotCenterWheel1="5" rotCenterWheel2="6"/>
        </ackermannSteeringConfigurations>
        <hubs>
            <color0>SHARED_BLACK2</color0>
            <color1>SHARED_GREY1</color1>
			<hub linkNode="wheelMainLeft" filename="$data/shared/wheels/hubs/hub_n10_13.xml" isLeft="true" scale="0.33 0.33 0.33"/>
            <hub linkNode="wheelMainRight" filename="$data/shared/wheels/hubs/hub_n10_13.xml" isLeft="false" scale="0.33 0.33 0.33"/>
            <hub linkNode="wheelBackLeft" filename="$data/shared/wheels/hubs/hub_n10_13.xml" isLeft="true" scale="0.33 0.33 0.33"/>
            <hub linkNode="wheelBackRight" filename="$data/shared/wheels/hubs/hub_n10_13.xml" isLeft="false" scale="0.33 0.33 0.33"/>
        </hubs>
    </wheels>
    <rimColorConfigurations useDefaultColors="true" price="300">
        <rimColorConfiguration color="MAN_BEIGECLASSIC"/>
    </rimColorConfigurations>
    <lights>
        
        <states>
            <state lightTypes="0"/>
            <state lightTypes="0 1"/>
            <state lightTypes="0 1 2"/>
        </states>
        <realLights>
            <low>
                <light node="frontLightLow" lightTypes="0 1" excludedLightTypes="2 3"/>
                <light node="workLightBackLow" lightTypes="1"/>
                <light node="highBeamLow" lightTypes="3"/>
            </low>
            <high>
                <light node="frontLightHigh" lightTypes="0 1" excludedLightTypes="2 3"/>
                <light node="workLightBackLow" lightTypes="1"/>
				<light node="Cabine_light" lightTypes="1"/>
                <light node="workLightFrontLow" lightTypes="2"/>
                <light node="highBeamHigh" lightTypes="3"/>
                <light node="backLightsHigh1" lightTypes="0"/>
                <brakeLight node="backLightsHigh1"/>
                <turnLightLeft node="turnLightLeftFront"/>
                <turnLightRight node="turnLightRightFront"/>
                <reverseLight node="reverseLight"/>
            </high>
        </realLights>
        <defaultLights>
            <defaultLight shaderNode="frontlightStatic" lightTypes="1 3" intensity="12.5"/>
            <defaultLight shaderNode="up" lightTypes="0" intensity="3.5"/>
			<defaultLight shaderNode="Badgelights" lightTypes="0" intensity="0.7"/>
			<defaultLight shaderNode="lightsroof" lightTypes="2" intensity="7.5"/>
			<defaultLight shaderNode="lightsglass" lightTypes="2" intensity="7.5"/>
            <defaultLight shaderNode="backlightStatic" lightTypes="0"/>
			<defaultLight shaderNode="Frontlights2" lightTypes="0 3" intensity="11.5"/>
			
			<defaultLight shaderNode="needleRPMRot" lightTypes="0 3" intensity="0.5" />
			<defaultLight shaderNode="needleSpeedRot" lightTypes="0 3"  intensity="0.5"/>
        </defaultLights>
        <turnLights>
            <turnLightLeft shaderNode="turnlightLeftStatic"/>
			<turnLightLeft shaderNode="sideL"/>
            <turnLightRight shaderNode="turnlightRightStatic"/>
			<turnLightRight shaderNode="sideR"/>
        </turnLights>
        <brakeLights>
            <brakeLight shaderNode="brakelightstatic"/>
            <brakeLight shaderNode="backlightStatic"/>
        </brakeLights>
        <reverseLights>
            <reverseLight shaderNode="reverselightStatic"/>
        </reverseLights>
        <sounds>
            <switchLight template="SWITCH_01" linkNode="0>"/>
            <turnLight template="SWITCH_TURNLIGHT" linkNode="0>"/>
        </sounds>
        <beaconLights>
            <beaconLight node="beaconLightLeft" filename="$data/shared/assets/beaconLights/lizard/beaconLight06.xml"/>
            <beaconLight node="beaconLightRight" filename="$data/shared/assets/beaconLights/lizard/beaconLight06.xml"/>
			<beaconLight node="beaconLightLeft1" filename="$data/shared/assets/beaconLights/lizard/beaconLight02.xml"/>
            <beaconLight node="beaconLightRight1" filename="$data/shared/assets/beaconLights/lizard/beaconLight02.xml"/>
			<beaconLight node="blitzer01" filename="LED_Dynamic/FBK2.0_Frontblitz.xml" intensity="7.5"/>
            <beaconLight node="blitzer02" filename="LED_Dynamic/FBK2.1_Frontblitz.xml" intensity="7.5"/>
            <beaconLight node="blitzer03" filename="LED_Dynamic/FBK2.0_Frontblitz.xml" intensity="7.5"/>
            <beaconLight node="blitzer04" filename="LED_Dynamic/FBK2.1_Frontblitz.xml" intensity="7.5"/>
			<beaconLight node="blitzer05" filename="LED_Dynamic/FBK2.0_Frontblitz.xml" intensity="7.5"/>
			<beaconLight node="blitzer06" filename="LED_Dynamic/FBK2.1_Frontblitz.xml" intensity="7.5"/>
			<beaconLight node="blitzer07" filename="LED_Dynamic/FBK2.0_Frontblitz.xml" intensity="7.5"/>
        </beaconLights>
		<dashboards>
            <dashboard displayType="EMITTER" valueType="lightState" node="GAUGES" intensity="0.5" lightTypes="0" groups="MOTOR_ACTIVE"/>
			<dashboard displayType="EMITTER" valueType="lightState" node="display" intensity="0.5" lightTypes="0" groups="MOTOR_ACTIVE"/>
			<dashboard displayType="EMITTER" valueType="lightState" node="GPS" intensity="0.2" lightTypes="0" groups="MOTOR_ACTIVE"/>
			<dashboard displayType="EMITTER" valueType="lightState" node="PlaqueAV" intensity="0.3" lightTypes="0" groups="MOTOR_ACTIVE"/>
			<dashboard displayType="EMITTER" valueType="lightState" node="PlaqueAR" intensity="0.3" lightTypes="0" groups="MOTOR_ACTIVE"/>
			<dashboard displayType="EMITTER" valueType="lightState" node="Brand" intensity="0.2" lightTypes="0" groups="MOTOR_ACTIVE"/>
			
        </dashboards>
    </lights>
    
    <enterable isTabbable="true">
        <enterReferenceNode node="tgs18500_main_component1"/>
        <exitPoint node="exitPoint"/>
        <cameras>
            <camera node="outdoorCamera1" rotatable="true" rotateNode="outdoorCameraTarget" limit="true" useWorldXZRotation="true" rotMinX="-1.4" rotMaxX="1" transMin="1.5" transMax="40" translation="0 0 9" rotation="-20 180 0">
                <raycastNode node="cameraRaycastNode1"/>
                <raycastNode node="cameraRaycastNode2"/>
                <raycastNode node="cameraRaycastNode3"/>
            </camera>
            <camera node="indoorCamera1" rotatable="true" limit="true" rotMinX="-1.1" rotMaxX="0.4" transMin="0" transMax="0" useMirror="true" isInside="true" shadowFocusBox="shadowFocusBox"/>
        </cameras>
        <characterNode node="playerSkin" cameraMinDistance="1.5" spineRotation="-90 0 90">
            <target ikChain="rightFoot" targetNode="playerRightFootTargetGas"/>
            <target ikChain="leftFoot" targetNode="playerLeftFootTarget"/>
            <target ikChain="rightArm" targetNode="playerRightHandTarget"/>
            <target ikChain="leftArm" targetNode="playerLeftHandTarget"/>
        </characterNode>
        <characterTargetNodeModifier node="playerRightFootTargetGas" transitionTime="0.1">
            <state node="playerRightFootTargetGas" referenceNode="gasPedal" directionReferenceNode="playerRightFootTargetGasRef"/>
            <state node="playerRightFootTargetBrake" referenceNode="brakePedal" directionReferenceNode="playerRightFootTargetBrakeRef"/>
        </characterTargetNodeModifier>
        <mirrors>
            <mirror node="mirrorSmallLeftDecal" prio="1"/>
            <mirror node="mirrorSmallRightDecal" prio="1"/>
        </mirrors>
    </enterable>
    <motorized>
        <consumerConfigurations>
            <consumerConfiguration>
                <consumer fillUnitIndex="1" usage="150" fillType="diesel"/>
                <!-- usage is per hour at max load and max rpm -->
                <consumer fillUnitIndex="2" usage="3.5" fillType="def"/>
                <!-- usage is per hour at max load and max rpm -->
                <consumer fillUnitIndex="3" usage="300" fillType="air" permanentConsumption="false" refillLitersPerSecond="350" refillCapacityPercentage="0.5"/>
                <!-- usage per second at full brake power -->
            </consumerConfiguration>
        </consumerConfigurations>
        <differentialConfigurations>
            <differentialConfiguration>
                <differentials>		
                    <differential torqueRatio="0.5" maxSpeedRatio="1.5" wheelIndex1="1" wheelIndex2="2" /> <!-- front 1-2 -->
                    <differential torqueRatio="0.5" maxSpeedRatio="1.7" wheelIndex1="3" wheelIndex2="4" /> <!-- back 3-4 -->
                    <differential torqueRatio="0.5" maxSpeedRatio="1.5" wheelIndex1="5" wheelIndex2="6" /> <!-- front 5-6 -->
                    <differential torqueRatio="0.5" maxSpeedRatio="1.7" wheelIndex1="7" wheelIndex2="8" /> <!-- back 7-8 -->					
                    <differential torqueRatio="0.5" maxSpeedRatio="1.5" differentialIndex1="1" differentialIndex2="2" /> <!-- front-back -->	
                    <differential torqueRatio="0.5" maxSpeedRatio="1.7" differentialIndex1="3" differentialIndex2="4" /> <!-- front-back -->
                    <differential torqueRatio="0.5" maxSpeedRatio="1.5" differentialIndex1="5" differentialIndex2="6" /> <!-- front-back -->					
                </differentials>
            </differentialConfiguration>
        </differentialConfigurations>
        <motorConfigurations>
            <motorConfiguration name="OM 473" hp="625" price="0">
                <motor torqueScale="2.500" minRpm="850" maxRpm="4200" maxForwardSpeed="130" maxBackwardSpeed="17" brakeForce="12" lowBrakeForceScale="0.22" rotInertia="0.0015">
                    <torque rpm="850" torque="0.9"/>
                    <torque rpm="1000" torque="1"/>
                    <torque rpm="1450" torque="1"/>
                    <torque rpm="1900" torque="0.75"/>
                    <torque rpm="2200" torque="0.63"/>
                    <torque rpm="3500" torque="0.2"/>
                </motor>
                <transmission minForwardGearRatio="10" maxForwardGearRatio="40" minBackwardGearRatio="40" maxBackwardGearRatio="200"/>
            </motorConfiguration>
			<motorConfiguration name="OM 473 Chiped" hp="715" price="13000">
                <motor torqueScale="8.500" minRpm="850" maxRpm="8200" maxForwardSpeed="130" maxBackwardSpeed="17" brakeForce="11" lowBrakeForceScale="0.22" rotInertia="0.0015">
                    <torque rpm="850" torque="0.9"/>
                    <torque rpm="1000" torque="1"/>
                    <torque rpm="1450" torque="1"/>
                    <torque rpm="1900" torque="0.75"/>
                    <torque rpm="2200" torque="0.63"/>
                    <torque rpm="3500" torque="0.2"/>
                </motor>
				<transmission minForwardGearRatio="10" maxForwardGearRatio="42" minBackwardGearRatio="40" maxBackwardGearRatio="200"/>
            </motorConfiguration>
        </motorConfigurations>
		
        <exhaustEffects>
            <exhaustEffect node="exhaustParticle01" filename="$data/particleSystems/shared/exhaust.i3d" minRpmColor="0 0 0 1" maxRpmColor="0.01 0.01 0.01 5" minRpmScale="0.1" maxRpmScale="0.55" xzRotationsOffset="40 0" xzRotationsForward="0 0" xzRotationsBackward="100 0" xzRotationsLeft="0 -100" xzRotationsRight="0 100" />
            <exhaustEffect node="exhaustParticle02" filename="$data/particleSystems/shared/exhaust.i3d" minRpmColor="0 0 0 1" maxRpmColor="0.01 0.01 0.01 5" minRpmScale="0.1" maxRpmScale="0.55" xzRotationsOffset="40 0" xzRotationsForward="0 0" xzRotationsBackward="100 0" xzRotationsLeft="0 -100" xzRotationsRight="0 100" />
        </exhaustEffects>
        <sounds externalSoundFile="sounds/MercedesBenz.xml"/>
        <dashboards>
            <dashboard displayType="ANIMATION" valueType="speed" animName="speedDisplay" minValueAnim="0" maxValueAnim="120" groups="MOTOR_ACTIVE"/>
            <dashboard displayType="ANIMATION" valueType="rpm" animName="rpmDisplay" minValueAnim="500" maxValueAnim="3000" groups="MOTOR_ACTIVE"/>
        </dashboards>
    </motorized>
    <drivable>
        <sounds>
            <waterSplash template="WATER_SPLASH_01" linkNode="0>"/>
        </sounds>
        <steeringWheel node="steeringWheel" indoorRotation="360" outdoorRotation="125"/>
        <dashboards>
            <dashboard displayType="ROT" valueType="decelerationAxis" node="brakePedal" minRot="0 0 0" maxRot="-15 0 0" doInterpolation="true" groups="MOTOR_ACTIVE"/>
            <dashboard displayType="ROT" valueType="accelerationAxis" node="gasPedal" minRot="0 0 0" maxRot="-15 0 0" doInterpolation="true" groups="MOTOR_ACTIVE"/>
        </dashboards>
    </drivable>
    <fillUnit>
        <fillUnitConfigurations>
            <fillUnitConfiguration>
                <fillUnits>
                    <fillUnit unit="$l10n_unit_literShort" showOnHud="false" showInShop="false" fillTypes="diesel" capacity="400">
                       
                    </fillUnit>
                    <fillUnit unit="$l10n_unit_literShort" showOnHud="false" showInShop="false" fillTypes="def" capacity="60"/>
                    <fillUnit unit="$l10n_unit_literShort" showOnHud="false" showInShop="false" fillTypes="air" capacity="4000"/>
                </fillUnits>
            </fillUnitConfiguration>
        </fillUnitConfigurations>
    </fillUnit>
   <attacherJoints comboDuration="2">
        <attacherJointConfigurations>
            <attacherJointConfiguration>
                <attacherJoint node="semitrailerAttacherJoint" jointType="semitrailer" allowsJointLimitMovement="false" allowsLowering="false" lowerRotLimit="12 125 12">
                    <schema position="1 0" rotation="0" invertX="false" />
                    <attachSound template="TRUCK_ATTACH_01" file="sounds/clunk.wav" linkNode="0>" />
                    <objectChange node="trailerAttacherNode" visibilityActive="false"  visibilityInactive="true" />
                </attacherJoint>
                <attacherJoint node="trailerAttacherJointBack" jointType="trailer" lowerRotLimit="10 50 50" upperRotRotationOffset="0" allowsJointLimitMovement="false" comboTime="1">
                    <distanceToGround lower="0.57" upper="0.60" />
                    <transNode node="trailerAttacherNode" minY="0.523" maxY="0.555" height="0.2"/>
                    <schema position="1 0" rotation="0" invertX="false" />
                    <objectChange node="trailerLowNode" visibilityActive="false"  visibilityInactive="true" />
                </attacherJoint>
                <attacherJoint node="trailerAttacherJointBackLow" jointType="trailerLow" lowerRotLimit="10 50 50" lowerTransLimit="0 0 0" upperRotRotationOffset="0" allowsJointLimitMovement="false" comboTime="1">
                    <distanceToGround lower="0.50" upper="0.60" />
                    <transNode node="trailerLowNode" minY="0.451" maxY="0.461" />
                    <schema position="1 0" rotation="0" invertX="false" />
                    <objectChange node="trailerAttacherNode" visibilityActive="false"  visibilityInactive="true" />
                    <steeringBars leftNode="trailerSteeringLeftRef" rightNode="trailerSteeringRightRef" />
                </attacherJoint>
                <attacherJoint node="trailerAttacherJointFront" jointType="trailer" lowerRotLimit="10 50 50" lowerTransLimit="0 0 0" upperRotRotationOffset="0" allowsJointLimitMovement="false" comboTime="0">
                    <schema position="1 0" rotation="0" invertX="true" />
                </attacherJoint>
            </attacherJointConfiguration>
        </attacherJointConfigurations>

        <sounds>
            <attach template="ATTACH_01" linkNode="0>" />
            <hydraulic template="DEFAULT_HYDRAULIC_SOUND" linkNode="0>" />
        </sounds>
    </attacherJoints>
	
	<connectionHoses>
        <target attacherJointIndices="1"   type="electric" node="Semi_electric">
		    <objectChange node="Semi_electric_cab" rotationActive="0 0 0" rotationInactive="-90 0 0"/>
		</target>
		<target attacherJointIndices="1"   type="airDoubleYellow" node="Semi_airDoubleYellow">
		    <objectChange node="Semi_airDoubleYellow_cab" rotationActive="0 0 0" rotationInactive="-95 0 0"/>
		</target>
        <target attacherJointIndices="1"   type="airDoubleRed" node="Semi_airDoubleRed">
		    <objectChange node="Semi_airDoubleRed_cab" rotationActive="0 0 0" rotationInactive="-95 0 0"/>
		</target>
        <target attacherJointIndices="1"   type="hydraulicIn" node="Semi_hydraulicIn1" >
		    <objectChange node="Semi_hydraulicIn1_cab" rotationActive="0 70 0" rotationInactive="0 0 0"/>
		</target>
        <target attacherJointIndices="1"   type="hydraulicOut" node="Semi_hydraulicOut1" >
		    <objectChange node="Semi_hydraulicOut1_cab" rotationActive="0 70 0" rotationInactive="0 0 0"/>
		</target>
		
		<target attacherJointIndices="2"   type="electric" node="Trailer_electric">
		    <objectChange node="Trailer_electric_cab" rotationActive="0 0 0" rotationInactive="-90 0 0"/>
		</target>
		<target attacherJointIndices="2"   type="airDoubleYellow" node="Trailer_airDoubleYellow">
		    <objectChange node="Trailer_airDoubleYellow_cab" rotationActive="0 0 0" rotationInactive="-95 0 0"/>
		</target>
        <target attacherJointIndices="2"   type="airDoubleRed" node="Trailer_airDoubleRed">
		    <objectChange node="Trailer_airDoubleRed_cab" rotationActive="0 0 0" rotationInactive="-95 0 0"/>
		</target>
        <target attacherJointIndices="2"   type="hydraulicIn" node="Trailer_hydraulicIn1" >
		    <objectChange node="Trailer_hydraulicIn1_cab" rotationActive="0 70 0" rotationInactive="0 0 0"/>
		</target>
        <target attacherJointIndices="2"   type="hydraulicOut" node="Trailer_hydraulicOut1" >
		    <objectChange node="Trailer_hydraulicOut1_cab" rotationActive="0 70 0" rotationInactive="0 0 0"/>
		</target>
    </connectionHoses>
	
    <honk>
        <sound template="HONK_TRUCK" file="sounds/horn.wav" linkNode="0>"/>
    </honk>
    <cylindered>
		<movingTools>
		    <movingTool node="Cupla" playSound="true">
                <controls axis="AXIS_CRANE_ARM4" invertAxis="false" mouseSpeedFactor="0.8" iconName="TOP_DOOR_ROTATE" />
				<attacherJoint jointIndices="1" />
                <translation transSpeed="0.9" transAcceleration="0.9" transMax="-2.2" transMin="-3.3" translationAxis="3" />
            </movingTool>
		</movingTools>
        <sounds>
            <hydraulic template="DEFAULT_HYDRAULIC_SOUND"/>
        </sounds>
    </cylindered>
    <suspensions>
        <suspension node="cabin"             weight="400" minRotation="-5 0 -5" maxRotation="5 0 5" suspensionParametersX="230 17" suspensionParametersZ="230 17" />
        <suspension node="seat" weight="150" minTranslation="-0.05 -0.15 0.0" maxTranslation="0.05 0.15 0.0" suspensionParametersX="20 4" suspensionParametersY="5 1" suspensionParametersZ="20 4"/>
        <suspension useCharacterTorso="true" weight="90" minRotation="0 -5 -5" maxRotation="0 5 5" suspensionParametersY="7 1" suspensionParametersZ="7 1"/>
		
    </suspensions>
    <ai>
        <collisionTrigger node="aiCollisionTrigger"/>
    </ai>
	
	<animations>
        <animation name="rpmDisplay">
            <part node="needleRPMRot" startTime="0" endTime="1" startRot="0 0 0" endRot="0 0 70" />
        </animation>
        <animation name="speedDisplay">
            <part node="needleSpeedRot" startTime="0" endTime="1" startRot="0 0 0" endRot="0 0 210"/>
        </animation>
    </animations> 
	
    <dashboard>
        <groups>
            <group name="MOTOR_STARTING" isMotorStarting="true"/>
            <group name="MOTOR_ACTIVE" isMotorStarting="true" isMotorRunning="true"/>
        </groups>
    </dashboard>
	
	<baseMaterial>
        <material name="Cabine_mat" baseNode="Cabine_UP">
            <shaderParameter name="colorMat0" value="FIAT_ORANGEPAINT"/>
        </material> 
		<material name="Cabine_mat" baseNode="Cabine_down">
            <shaderParameter name="colorMat0" value="FIAT_ORANGEPAINT"/>
        </material> 
		<material name="Side_mat" baseNode="Covers">
            <shaderParameter name="colorMat0" value="FIAT_ORANGEPAINT"/>
        </material>
		<material name="Grile_mat" baseNode="GrileDown">
            <shaderParameter name="colorMat1" value="FIAT_ORANGEPAINT"/>
        </material>
		<material name="Sunshield_mat" baseNode="sunsield">
            <shaderParameter name="colorMat3" value="0.382 0.339 0.284 12"/>        
		</material>
    </baseMaterial>


    <baseMaterialConfigurations price="1450" useDefaultColors="true" defaultColorIndex="18">       
		<baseMaterialConfiguration name="Black Chrome" color="SHARED_BLACK2" material="2" />
		<baseMaterialConfiguration name="Chrome" color="SHARED_WHITE2" material="2"/>
		<baseMaterialConfiguration name="Silver Metallic" color="ITRUNNER_WHITE1" material="27"/>
		<baseMaterialConfiguration name="Blue Metallic" color="FLIEGL_BLUE1" material="27" />
        <baseMaterialConfiguration name="Purple Metallic" color="LIZARD_PURPLE1" material="32" />
        <baseMaterialConfiguration name="Orange Metallic" color="FIAT_ORANGEPAINT" material="27" />
        <baseMaterialConfiguration name="Black Metallic" color="FIAT_BLACKPAINT"  material="32" />
        <baseMaterialConfiguration name="Green Metallic" color="FIAT_GREENPAINT" material="32" />
		<baseMaterialConfiguration name="Claas Monster Metallic" color="0.4 0.6 0.02 " material="27"  />
        <baseMaterialConfiguration name="Red Metallic" color="FLIEGL_RED1" material="27" />
        <baseMaterialConfiguration name="Yellow Metallic" color="BEDNAR_YELLOW1" material="32" />
        <baseMaterialConfiguration name="Brown Metallic" color="FLIEGL_BROWN1" material="32" />
		<baseMaterialConfiguration name="Midnight Purple Metallic" color="0.001 0 0.015 " material="27" />
		<baseMaterialConfiguration name="Black Cherry Metallic" color="0.010 0 0 " material="32" />
		<baseMaterialConfiguration name="Pearl White" color="FIAT_WHITEPAINT" material="32" />
        <baseMaterialConfiguration name="Stainless Steel" color="SHARED_WHITE2" material="35"/>
		<baseMaterialConfiguration name="Exley Fav" color="0.041 0.245 0.223 " material="32" />
		<baseMaterialConfiguration name="Ice" color="0.455 0.855 1 1.0" material="32" />
		<baseMaterialConfiguration name="Midnight Purple" color="0.001 0 0.015 " material="32" />
		<baseMaterialConfiguration name="Black Cherry" color="0.010 0 0 " material="32" />
		<baseMaterialConfiguration name="Claas" color="0.4 0.6 0.02 " material="32" />
        <baseMaterialConfiguration name="Claas Cat" color="0.800 0.443 0.008 " material="32" />
        <baseMaterialConfiguration name="Claas Monster" color="0.4 0.6 0.02 " material="32"  />
        <baseMaterialConfiguration name="KRONE YELLOW" color="KRONE_YELLOW1" material="32"/>
        <baseMaterialConfiguration name="KRONE GREEN" color="KRONE_GREEN1" material="32"/>
		<baseMaterialConfiguration name="STARA ORANGE" color="STARA_ORANGE" material="27"/>
        <baseMaterialConfiguration name="STARA GREEN" color="STARA_GREEN" material="32"/>
        <baseMaterialConfiguration name="BERGMANN GREEN" color="BERGMANN_GREEN1"material="32" />
        <baseMaterialConfiguration name="BERGMANN WHITE" color="ITRUNNER_WHITE1" material="32"/>
		<baseMaterialConfiguration name="JOSKIN GREEN" color="JOSKIN_GREEN1" material="27" />
        <baseMaterialConfiguration name="JOSKIN YELLOW" color="JOSKIN_YELLOW1"material="32" />
		<baseMaterialConfiguration name="STRAUTMANN GREEN" color="STRAUTMANN_GREEN1" material="32"/>
        <baseMaterialConfiguration name="STRAUTMANN RED" color="STRAUTMANN_RED1" material="32"/>
		<baseMaterialConfiguration name="HAWE GREEN" color="0.0697 0.1541 0.0545"/>
        <baseMaterialConfiguration name="HAWE GREY" color="0.0962 0.0962 0.0962 27"/>
		<baseMaterialConfiguration name="TEBBE GREEN" color="0.0008 0.3685 0.1449 32"/>
        <baseMaterialConfiguration name="TEBBE GREY" color="0.6940 0.6940 0.6940 32"/>
		<baseMaterialConfiguration name="MENGELE RED" color="0.7372 0.0151 0.0265 1"/>
        <baseMaterialConfiguration name="MENGELE BLUE" color="0.0759 0.3392 0.4205 32"/>
		<baseMaterialConfiguration name="ANNABURGER RED" color="ANNABURGER_RED1"material="32" />
        <baseMaterialConfiguration name="ANNABURGER WHITE" color="ANNABURGER_WHITE1" material="32"/>
		<baseMaterialConfiguration name="KAWECO GREEN" color="0.4 0.6 0.05 1"/>
        <baseMaterialConfiguration name="KAWECO ORANGE" color="0.98 0.31 0.02 1"/>
        <baseMaterialConfiguration name="KAWECO GREY" color="0.8671 0.7893 0.6253 32"/>
		<baseMaterialConfiguration name="BRIRI GREEN" color="0.0461 0.0600 0.0414 1"/>
		<baseMaterialConfiguration name="BRIRI GREY" color="0.4423 0.4423 0.4534 32"/>
        <baseMaterialConfiguration name="VICON RED" color="VICON_RED1" material="27"/>		
        <baseMaterialConfiguration name="VICON DARKBLUE" color="VICON_DARKBLUE" material="32"/>		
        <baseMaterialConfiguration name="MAN BEIGE" color="MAN_BEIGECLASSIC" material="32"/>		
        <baseMaterialConfiguration name="MAN OLDGREEN" color="MAN_OLDGREEN" material="32"/>		
        <baseMaterialConfiguration name="MAN BLUE" color="MAN_BLUE6" material="32"/>
		<material name="Cabine_mat" shaderParameter="colorMat0" />
		<material name="Side_mat" shaderParameter="colorMat0" />
		
    </baseMaterialConfigurations>
	
	<designMaterialConfigurations price="3000" useDefaultColors="true" defaultColor="$l10n_Arocs">
	     <designMaterialConfiguration name="Black Chrome" color="SHARED_BLACK2" material="2" />
		<designMaterialConfiguration name="Chrome" color="SHARED_WHITE2" material="2"/>
		<designMaterialConfiguration name="Silver Metallic" color="ITRUNNER_WHITE1" material="27"/>
		<designMaterialConfiguration name="Blue Metallic" color="FLIEGL_BLUE1" material="32" />
        <designMaterialConfiguration name="Purple Metallic" color="LIZARD_PURPLE1" material="32" />
        <designMaterialConfiguration name="Orange Metallic" color="FIAT_ORANGEPAINT" material="32" />
        <designMaterialConfiguration name="Black Metallic" color="FIAT_BLACKPAINT"  material="32" />
        <designMaterialConfiguration name="Green Metallic" color="FIAT_GREENPAINT" material="27" />
		<designMaterialConfiguration name="Claas Monster Metallic" color="0.4 0.6 0.02 1.0" material="32"  />
        <designMaterialConfiguration name="Red Metallic" color="FLIEGL_RED1" material="27" />
        <designMaterialConfiguration name="Yellow Metallic" color="BEDNAR_YELLOW1" material="32" />
        <designMaterialConfiguration name="Brown Metallic" color="FLIEGL_BROWN1" material="27" />
		<designMaterialConfiguration name="Midnight Purple Metallic" color="0.001 0 0.015 1" material="32" />
		<designMaterialConfiguration name="Black Cherry Metallic" color="0.010 0 0 1" material="32" />
		<designMaterialConfiguration name="Pearl White" color="FIAT_WHITEPAINT" material="32" />
        <designMaterialConfiguration name="Stainless Steel" color="SHARED_WHITE2" material="32"/>
		<designMaterialConfiguration name="Exley Fav" color="0.041 0.245 0.223 1.0" material="27" />
		<designMaterialConfiguration name="Ice" color="0.455 0.855 1 1.0" material="32" />
		<designMaterialConfiguration name="Midnight Purple" color="0.001 0 0.015 1" material="32" />
		<designMaterialConfiguration name="Black Cherry" color="0.010 0 0 1" material="32" />
		<designMaterialConfiguration name="Claas" color="0.4 0.6 0.02 1.0" material="32" />
        <designMaterialConfiguration name="Claas Cat" color="0.800 0.443 0.008 1.0" material="32" />
        <designMaterialConfiguration name="Claas Monster" color="0.4 0.6 0.02 1.0" material="32"  />
        <designMaterialConfiguration name="KRONE YELLOW" color="KRONE_YELLOW1" material="32"/>
        <designMaterialConfiguration name="KRONE GREEN" color="KRONE_GREEN1" material="32"/>
		<designMaterialConfiguration name="STARA ORANGE" color="STARA_ORANGE" material="32"/>
        <designMaterialConfiguration name="STARA GREEN" color="STARA_GREEN" material="32"/>
        <designMaterialConfiguration name="BERGMANN GREEN" color="BERGMANN_GREEN1"/>
        <designMaterialConfiguration name="BERGMANN WHITE" color="ITRUNNER_WHITE1" material="32"/>
		<designMaterialConfiguration name="JOSKIN GREEN" color="JOSKIN_GREEN1"/>
        <designMaterialConfiguration name="JOSKIN YELLOW" color="JOSKIN_YELLOW1"/>
		<designMaterialConfiguration name="STRAUTMANN GREEN" color="STRAUTMANN_GREEN1"/>
        <designMaterialConfiguration name="STRAUTMANN RED" color="STRAUTMANN_RED1"/>
		<designMaterialConfiguration name="HAWE GREEN" color="0.0697 0.1541 0.0545 1"/>
        <designMaterialConfiguration name="HAWE GREY" color="0.0962 0.0962 0.0962 1"/>
		<designMaterialConfiguration name="TEBBE GREEN" color="0.0008 0.3685 0.1449 1"/>
        <designMaterialConfiguration name="TEBBE GREY" color="0.6940 0.6940 0.6940 1"/>
		<designMaterialConfiguration name="MENGELE RED" color="0.7372 0.0151 0.0265 1"/>
        <designMaterialConfiguration name="MENGELE BLUE" color="0.0759 0.3392 0.4205 1"/>
		<designMaterialConfiguration name="ANNABURGER RED" color="ANNABURGER_RED1"/>
        <designMaterialConfiguration name="ANNABURGER WHITE" color="ANNABURGER_WHITE1"/>
		<designMaterialConfiguration name="KAWECO GREEN" color="0.4 0.6 0.05 1"/>
        <designMaterialConfiguration name="KAWECO ORANGE" color="0.98 0.31 0.02 1"/>
        <designMaterialConfiguration name="KAWECO GREY" color="0.8671 0.7893 0.6253 1"/>
		<designMaterialConfiguration name="BRIRI GREEN" color="0.0461 0.0600 0.0414 1"/>
		<designMaterialConfiguration name="BRIRI GREY" color="0.4423 0.4423 0.4534 1"/>
        <designMaterialConfiguration name="VICON RED" color="VICON_RED1"/>		
        <designMaterialConfiguration name="VICON DARKBLUE" color="VICON_DARKBLUE"/>		
        <designMaterialConfiguration name="MAN BEIGE" color="MAN_BEIGECLASSIC"/>		
        <designMaterialConfiguration name="MAN OLDGREEN" color="MAN_OLDGREEN"/>		
        <designMaterialConfiguration name="MAN BLUE" color="MAN_BLUE6"/>
    	<material name="Grile_mat" shaderParameter="colorMat1" />
		<material name="Sunshield_mat" shaderParameter="colorMat3"  />
    	<designMaterialConfiguration name="$l10n_Arocs" color="0 0 0" />
	</designMaterialConfigurations>
	
	<vehicleTypeConfigurations>
        <vehicleTypeConfiguration name="default" price="0" vehicleType="carFillable">
			<objectChange node="front_bullbar" visibilityActive="false" visibilityInactive="false" />
		</vehicleTypeConfiguration>
		<vehicleTypeConfiguration name="Bull Bar&Lights_Roof" price="1200" vehicleType="carFillable">
			<objectChange node="Lights_Roof" visibilityActive="true" visibilityInactive="false" />
		</vehicleTypeConfiguration>
		<vehicleTypeConfiguration name="Oversize Sign" price="2600" vehicleType="carFillable">
			<objectChange node="front_bullbar" visibilityActive="true" visibilityInactive="false" />
			<objectChange node="Oversize_sign" visibilityActive="true" visibilityInactive="false" />
		</vehicleTypeConfiguration>
		<vehicleTypeConfiguration name="Oversize Sign" price="2600" vehicleType="carFillable">
			<objectChange node="Lights_Roof" visibilityActive="true" visibilityInactive="false" />
			<objectChange node="Oversize_sign" visibilityActive="true" visibilityInactive="false" />
		</vehicleTypeConfiguration>
		<vehicleTypeConfiguration name="Front Bullbar&Lights_Roof" price="3400" vehicleType="carFillable">
			<objectChange node="front_bullbar" visibilityActive="true" visibilityInactive="false" />
			<objectChange node="Oversize_sign" visibilityActive="true" visibilityInactive="false" />
			<objectChange node="Lights_Roof" visibilityActive="true" visibilityInactive="false" />
		</vehicleTypeConfiguration>
	</vehicleTypeConfigurations>
	
	<designConfigurations>
        <designConfiguration name="Default" price="0"/>
        <designConfiguration name="Back Attacher" price="50" vehicleType="carFillable">
			<objectChange node="AtachersBack" visibilityActive="true" visibilityInactive="false" />
        </designConfiguration>
	</designConfigurations>
	
    <foliageBending>
        <bendingNode minX="-1.35" maxX="1.35" minZ="-3.15" maxZ="3.1" yOffset="0.5"/>
        <bendingNode minX="-0.3" maxX="0.3" minZ="-3.5" maxZ="-3.05" yOffset="0.4"/>
    </foliageBending>
    <wearable wearDuration="480" workMultiplier="5" fieldMultiplier="2"/>
    <washable dirtDuration="90" washDuration="1" workMultiplier="3" fieldMultiplier="2"/>
    <i3dMappings>
        <i3dMapping id="tgs18500_main_component1" node="0>"/>
        <i3dMapping id="tgs_vis" node="0>0"/>
        <i3dMapping id="wheelBackLeft" node="0>0|0|2"/>
        <i3dMapping id="wheelBackRight" node="0>0|0|3"/>
        <i3dMapping id="outdoorCameraTarget" node="0>0|1|0"/>
        <i3dMapping id="outdoorCamera1" node="0>0|1|0|0"/>
        <i3dMapping id="indoorCamera1" node="0>0|1|1"/>
        <i3dMapping id="cameraRaycastNode1" node="0>0|1|2"/>
        <i3dMapping id="cameraRaycastNode2" node="0>0|1|3"/>
        <i3dMapping id="cameraRaycastNode3" node="0>0|1|4"/>
        <i3dMapping id="shadowFocusBox" node="0>0|1|5"/>
        <i3dMapping id="turnlightLeftStatic" node="0>0|2|1|0"/>
        <i3dMapping id="turnlightRightStatic" node="0>0|2|1|1"/>
        <i3dMapping id="backlightStatic" node="0>0|2|1|2"/>
        <i3dMapping id="brakelightstatic" node="0>0|2|1|3"/>
        <i3dMapping id="reverselightStatic" node="0>0|2|1|4"/>
        <i3dMapping id="frontlightStatic" node="0>0|2|1|5"/>
        <i3dMapping id="frontLightLow" node="0>0|2|2|0"/>
        <i3dMapping id="highBeamLow" node="0>0|2|2|1"/>
        <i3dMapping id="frontLightHigh" node="0>0|2|2|2"/>
        <i3dMapping id="highBeamHigh" node="0>0|2|2|3"/>
        <i3dMapping id="backLightsHigh1" node="0>0|2|3|0"/>
        <i3dMapping id="turnLightLeftFront" node="0>0|2|4|0"/>
        <i3dMapping id="turnLightRightFront" node="0>0|2|4|1"/>
        <i3dMapping id="reverseLight" node="0>0|2|5|0"/>
        <i3dMapping id="exitPoint" node="0>0|3"/>
        <i3dMapping id="wheelChock01" node="0>0|4|0"/>
        <i3dMapping id="cabin" node="0>0|5|0"/>
        <i3dMapping id="seat" node="0>0|5|0|0"/>
        <i3dMapping id="playerSkin" node="0>0|5|0|0|0"/>
        <i3dMapping id="playerTargets" node="0>0|5|0|1"/>
        <i3dMapping id="playerRightFootTargetGas" node="0>0|5|0|1|0"/>
        <i3dMapping id="playerRightFootTargetBrake" node="0>0|5|0|1|1"/>
        <i3dMapping id="playerLeftFootTarget" node="0>0|5|0|1|2"/>
        <i3dMapping id="playerRightFootTarget" node="0>0|5|0|1|3"/>
        <i3dMapping id="steeringWheel" node="0>0|5|0|2|0"/>
        <i3dMapping id="playerRightHandTarget" node="0>0|5|0|2|0|0"/>
        <i3dMapping id="playerLeftHandTarget" node="0>0|5|0|2|0|1"/>
        <i3dMapping id="gasPedal" node="0>0|5|0|3|0"/>
        <i3dMapping id="playerRightFootTargetGasRef" node="0>0|5|0|3|0|0"/>
        <i3dMapping id="brakePedal" node="0>0|5|0|3|1"/>
        <i3dMapping id="playerRightFootTargetBrakeRef" node="0>0|5|0|3|1|0"/>
        <i3dMapping id="mirrorSmallLeftDecal" node="0>0|5|0|6|0"/>
        <i3dMapping id="mirrorSmallRightDecal" node="0>0|5|0|6|1"/>
        <i3dMapping id="beaconLightLeft" node="0>0|5|0|7|2"/>
        <i3dMapping id="beaconLightRight" node="0>0|5|0|7|3"/>
		<i3dMapping id="beaconLightLeft1" node="0>0|5|0|8|6|6"/>
        <i3dMapping id="beaconLightRight1" node="0>0|5|0|8|6|7"/>
        <i3dMapping id="workLightBackLow" node="0>0|5|0|7|9"/>
        <i3dMapping id="up" node="0>0|5|0|7|10|0"/>
        <i3dMapping id="workLightFrontLow" node="0>0|5|0|7|12"/>
		<i3dMapping id="Frontlights2" node="0>0|2|1|6"/>
        <i3dMapping id="aiCollisionTrigger" node="0>0|7|0"/>
        <i3dMapping id="exhaustParticle01" node="0>0|8|0" />
        <i3dMapping id="exhaustParticle02" node="0>0|8|1" />
        <i3dMapping id="airDoubleStorage" node="0>0|9|0"/>
        <i3dMapping id="airDoubleControl" node="0>0|9|1"/>
        <i3dMapping id="frontElectric" node="0>0|9|2"/>
        <i3dMapping id="additionalParts" node="0>0|10|4"/>
		<i3dMapping id="needleRPM" node="0>0|5|0|10|2" />
        <i3dMapping id="needleRPMRot" node="0>0|5|0|10|2|0" />
        <i3dMapping id="needleSpeed" node="0>0|5|0|10|3" />
        <i3dMapping id="needleSpeedRot" node="0>0|5|0|10|3|0" />
		<i3dMapping id="GAUGES" node="0>0|5|0|10|0" />
        <i3dMapping id="display" node="0>0|5|0|10|1" />
        <i3dMapping id="GPS" node="0>0|5|0|10|5" />
		<i3dMapping id="HiBarRL" node="0>0|5|0|8|2" />
		<i3dMapping id="sideL" node="0>0|5|0|7|10|1" />
        <i3dMapping id="sideR" node="0>0|5|0|7|10|2" />
		<i3dMapping id="Badgelights" node="0>0|5|0|7|10|3" />
		<i3dMapping id="Cabine_UP" node="0>0|5|0|9|56" />
		<i3dMapping id="Cabine_down" node="0>0|13|67|7" />
		<i3dMapping id="wheelMainLeft" node="0>0|0|4" />
		<i3dMapping id="wheelMainRight" node="0>0|0|5" />
		<i3dMapping id="PlaqueAV" node="0>0|12|0|0" />
		<i3dMapping id="PlaqueAR" node="0>0|12|1|0" />
		<i3dMapping id="lightsroof" node="0>0|5|0|7|10|3" />
		<i3dMapping id="Cabine_light" node="0>0|5|0|7|14" />
		<i3dMapping id="Covers" node="0>0|13|42" />
		<i3dMapping id="lightsglass" node="0>0|5|0|8|6|5" />
		<i3dMapping id="GrileDown" node="0>0|13|67|8" />
		<i3dMapping id="sunsield" node="0>0|5|0|9|57|2"/>
		<i3dMapping id="Brand" node="0>0|5|0|8|9"/>
		<i3dMapping id="Cupla" node="0>0|14"/>
		<i3dMapping id="trailerLowNode" node="0>0|16|0" />
        <i3dMapping id="trailerAttacherJointBackLow" node="0>0|16|0|0" />
        <i3dMapping id="trailerSteeringLeftRef" node="0>0|16|0|1" />
        <i3dMapping id="trailerSteeringRightRef" node="0>0|16|0|2" />
        <i3dMapping id="trailerAttacherNode" node="0>0|16|1" />
        <i3dMapping id="trailerAttacherJointBack" node="0>0|16|1|0" />
        <i3dMapping id="trailerAttacherJointFront" node="0>0|4|1" />
		<i3dMapping id="semitrailerAttacherJoint" node="0>0|14|0"/>
		<i3dMapping id="blitzer01" node="0>0|5|0|7|15"/>
        <i3dMapping id="blitzer02" node="0>0|5|0|7|16"/>
        <i3dMapping id="blitzer03" node="0>0|5|0|7|17"/>
        <i3dMapping id="blitzer04" node="0>0|5|0|7|18"/>
		<i3dMapping id="blitzer05" node="0>0|5|0|7|19"/>
		<i3dMapping id="blitzer06" node="0>0|5|0|7|20"/>
		<i3dMapping id="blitzer07" node="0>0|5|0|7|21"/>
		<i3dMapping id="front_bullbar" node="0>0|13|46" />
		<i3dMapping id="Lights_Roof" node="0>0|5|0|8|6" />
		<i3dMapping id="Oversize_sign" node="0>0|5|0|8|13" />
		<i3dMapping id="AtachersBack" node="0>0|16" />
		<i3dMapping id="Semi_electric"            node="0>0|17|0|0|0" />
		<i3dMapping id="Semi_electric_cab"        node="0>0|17|0|0|1" />
		<i3dMapping id="Semi_airDoubleYellow"     node="0>0|17|0|1|0" />
		<i3dMapping id="Semi_airDoubleYellow_cab" node="0>0|17|0|1|1" />
		<i3dMapping id="Semi_airDoubleRed"        node="0>0|17|0|2|0" />
		<i3dMapping id="Semi_airDoubleRed_cab"    node="0>0|17|0|2|1" />		
		<i3dMapping id="Semi_hydraulicIn1"         node="0>0|17|0|3|0" />
		<i3dMapping id="Semi_hydraulicIn1_cab"     node="0>0|17|0|3|1" />
		<i3dMapping id="Semi_hydraulicOut1"        node="0>0|17|0|4|0" />
		<i3dMapping id="Semi_hydraulicOut1_cab"    node="0>0|17|0|4|1" />

		<i3dMapping id="Trailer_electric"            node="0>0|16|5|0|0" />
		<i3dMapping id="Trailer_electric_cab"        node="0>0|16|5|0|1" />
		<i3dMapping id="Trailer_airDoubleYellow"     node="0>0|16|5|1|0" />
		<i3dMapping id="Trailer_airDoubleYellow_cab" node="0>0|16|5|1|1" />
		<i3dMapping id="Trailer_airDoubleRed"        node="0>0|16|5|2|0" />
		<i3dMapping id="Trailer_airDoubleRed_cab"    node="0>0|16|5|2|1" />		
		<i3dMapping id="Trailer_hydraulicIn1"         node="0>0|16|5|3|0" />
		<i3dMapping id="Trailer_hydraulicIn1_cab"     node="0>0|16|5|3|1" />
		<i3dMapping id="Trailer_hydraulicOut1"        node="0>0|16|5|4|0" />
		<i3dMapping id="Trailer_hydraulicOut1_cab"    node="0>0|16|5|4|1" />
		
    </i3dMappings>
</vehicle>
