﻿<?xml version="1.0" encoding="utf-8" standalone="no" ?>
<modDesc descVersion="40">
    <author>Edwrd`s Modding</author>
    <version>1.1</version>
	<title>
        <en>Actros SLT 8x4</en>
    </title>
    <description>
        <en>
            <![CDATA[Actros SLT 8x4]]>
        </en>
        <de>
            <![CDATA[Actros SLT 8x4]]>
        </de>
    </description>
    <iconFilename>store2.dds</iconFilename>
	<multiplayer supported="true" />
    <storeItems>
        <storeItem rootNode="vehicle" xmlFilename="Actros.xml"/>
    </storeItems>
	<brands>
        <brand name="MERCEDESBENZ" title="Mercedes-Benz" image="brand.dds"/>
    </brands>
</modDesc>
