﻿<?xml version="1.0" encoding="utf-8" standalone="no" ?>
<modDesc descVersion="40">
    <author>Edward`s Modding</author>
    <version>1.0.0.0</version>
	<title>
        <en>Mercedes X-class</en>
    </title>
    <description>
        <en>
            <![CDATA[Mercedes X-Class]]>
        </en>
        <de>
            <![CDATA[Mercedes X-Class]]>
        </de>
    </description>
    <iconFilename>store.dds</iconFilename>
	<multiplayer supported="true" />
    <storeItems>
        <storeItem rootNode="vehicle" xmlFilename="XClass.xml"/>
    </storeItems>
	<newcategory name="edwardsmodding" title="Mods" type="VEHICLE" img="edwardsmodding.dds" />
	
	<changeModTitle modTitle="Mods by Edwards_Modding"/>
	
    <extraSourceFiles>
		<sourceFile filename="scripts/categorizer.lua" />
		<sourceFile filename="scripts/ChangeModTitle.lua" />
	</extraSourceFiles>
	
    <vehicleTypes>
        <type name="Pickup" parent="carFillable" filename="$dataS/scripts/vehicles/Vehicle.lua">
			<specialization name="cover"/>	
        </type>
    </vehicleTypes>
	<l10n>
		<text name="fold_Ramp"><en>Close Doors</en><de>Close Doors</de></text>
        <text name="unfold_Ramp"><en>Open Doors</en><de>Open Doors</de></text>
	</l10n>
	
	<brands>
        <brand name="MERCEDESBENZ" title="Xclass" image="brand.dds"/>
    </brands>
</modDesc>
